{"energy": -1.1045664551680079, "optimal_point": [3.178842748739622, 0.0372498969314836, -0.37079117106278847]}