{"electronic_energy": -41.82196307100314, "computed_energy": -1.1045664551680168, "inactive_space_energy": -40.71739661583512, "hartree_fock_energy": -38.531393104896836, "nuclear_repulsion_energy": 3.2563042313986466, "total_energy": -38.565658839604495}