{"energy": -1.1045625035900435, "optimal_point": [0.7393755391047023, -4.99514795331744e-09, 0.0251639422259851, -0.002207312906156787, 0.03966831932092994, -0.28844409405370897, 0.3534291735288517, 0.48026572479550617, 0.0, 0.0, 0.0, 0.0, 0.0, 0.0, 0.4661716510639664, -0.15299648561259632, 0.10872374654816488, 1.241389357918766e-07, 0.0, 0.0, -0.0008821793931698529, 0.19634961106942983, 0.038831875386905905, 0.5890486459547755, 0.0, 0.0, 0.0, 0.0, 0.0, 0.0, 0.0, 0.0]}