{"electronic_energy": -8.87708099912766, "computed_energy": -8.87708099912766, "inactive_space_energy": 0.0, "hartree_fock_energy": -7.8619926887408, "nuclear_repulsion_energy": 0.9946940054887219, "total_energy": -7.882386993638939}