{"energy": -8.856686694229536, "optimal_point": [0.0, 0.0, 0.0, 0.0, 0.0, 0.0, 0.0, 0.0, 0.0, 0.0, 0.0, 0.0, 0.23561944901923448, 0.19634954084936207, 0.19634954084936207, 0.19634954084936207, 0.19634954084936207, 0.19634954084936207, 0.19634954084936207, 0.19634954084936207, 0.19634954084936207, 0.19634954084936207, 0.19634954084936207, 0.19634954084936207, 0.0, 0.0, 0.0, 0.0, 0.0, 0.0, 0.0, 0.0, 0.0, 0.0, 0.0, 0.0, 0.19634954084936207, 0.22580197197676638, 0.3337942194439155, 0.18653206380689397, 0.38288160465625604, 0.41233403578366035, 0.2945243112740431, 0.19634954084936207, 0.19634954084936207, 0.19634954084936207, 0.0, -0.37306412761378793, 0.0, 0.0, 0.0, 0.0, 0.0, 0.0, 0.0, 0.0, 0.0, 0.0, 0.0, 0.0, 0.6970408700152353, 0.19634954084936207, 0.0, -0.42215151282612845, 0.19634954084936207, 0.19634954084936207, 0.19634954084936207, 0.19634954084936207, 0.23868741059500576, -0.08283496254582462, 0.0, -0.41233403578366035, 0.0, 0.0, 0.0, 0.0, 0.0, 0.0, 0.0, 0.0, 0.0, 0.0, 0.0, 0.0, 0.23561944901923448, 0.19634954084936207, 0.19634954084936207, 0.0, 0.0, 0.41233403578366035, 0.19634954084936207, 0.19634954084936207, 0.0, -0.41233403578366035, 0.16689710972195776, -0.11780972450961724]}