{"energy": -5.227826453914819, "optimal_point": [0.006109862131960306, -6.1776974561830026e-06, -0.0003223485694866734, 0.003340031544244143, 0.005965853753412351, 4.766694237087559e-05, 0.00011561284270808194, 0.003007348726651275, 0.02265341649933738, -0.047955822046858096, 0.0, 0.0, 0.045560810357539505, 7.295212307808062e-05, -0.028521565777111124, 0.023114837586261268, 0.0, 0.0, 0.0232518506169827, -0.12735974364788466, 6.601028774393393e-05, 0.04570799994527447, 0.0, 0.0, -0.026841657785863317, 0.02250927208223426]}