{"energy": -5.227813896147856, "optimal_point": [0.006728262853735982, -0.00021520055038688724, 0.001340097618145659, -0.002865716159760598, 0.0059098663033002406, -0.0002626607245911218, 0.0004941909930519425, -0.003189313859192747, -0.022585349312894683, -0.04981236208606001, 0.0, 0.0, -0.045347853447768524, 0.00017765908467785797, -0.02809841539614867, -0.022847166074882637, 0.0, 0.0, -0.022911600256935876, -0.1264973288280083, -0.0004307659146789804, -0.04723153634167325, 0.0, 0.0, -0.026245371252675932, -0.02249500169530166, 0.0, 0.0, -0.0006847940319697105, -0.0018198635918099156, 0.0, 0.0, 0.0, 0.0]}