{"energy": -5.189132786020117, "optimal_point": [-0.04782185106233486, 0.011734953027325154, 0.0, 0.0, -0.03777427690168391, -0.011121360712170899, 0.0, 0.0, 0.19634954084936207, 0.19634954084936207, 0.19634954084936207, 0.21598449493429828, 0.17671458676442586, 0.19634954084936207, 1.3842642629880024, -0.19634954084936207, 0.0, 0.0, 0.0, 0.0, 0.0, 0.0, 0.0, 0.0, 0.04908738521234052, 0.09817477042468103, -0.15707963267948966, -0.5497787143782138, 0.09817477042468103, -0.09817477042468103, 0.23561944901923448, 0.15707963267948966, 0.0, 0.0, 0.0, 0.0, 0.0, 0.0, 0.0, 0.0, 0.19634954084936207, 0.19634954084936207, -0.15707963267948966, -0.6304782589147359, 0.19634954084936207, 0.19634954084936207, -0.6678019406633225, -0.2945243112740431, -0.00046978161628997766, 0.0, 0.0, 0.0, 0.0, 0.0, 0.0, 0.0, 0.15707963267948966, 0.23561944901923448, -1.246819584393449, -0.8246680715673207, 0.0, -0.39269908169872414, 0.09817477042468103, 0.19634954084936207]}