{"electronic_energy": -5.227836288992519, "computed_energy": -5.227836288992519, "inactive_space_energy": 0.0, "hartree_fock_energy": -2.099469779017025, "nuclear_repulsion_energy": 3.087146094212362, "total_energy": -2.1406901947801567}