{"electronic_energy": -1.8496717733201156, "computed_energy": -1.8496717733201156, "inactive_space_energy": 0.0, "hartree_fock_energy": -1.116606675364968, "nuclear_repulsion_energy": 0.712418329433622, "total_energy": -1.1372534438864936}