{"energy": -1.8496717729729715, "optimal_point": [0.2267038972530032, 3.067961575771627e-05, -2.996056226339143e-08, 0.0, 3.511003390241183e-08, 0.5772676325421076, 0.269903833491862, 0.18849555921538758, 0.0, 0.0, 0.0, 0.0, 0.0, 0.0, 0.24529886779079288, 0.0826448477979823, 0.0, 0.0, 0.0, 0.0, -9.362675707309822e-08, 4.681337850698242e-08, -4.681337853654911e-08, 2.356194513599034, 0.0, 0.0, 0.0, 0.0, 0.0, 0.0, 0.0, 0.0]}