{"energy": -1.8496717733201071, "optimal_point": [1.7125011739231858e-08, -1.6146909724814153e-08, -0.11335196172844739]}